"","Stream start time","Stream URL","Stream length","Watch time","Avg viewers","Peak viewers","Followers gained","Followers per hour","Views","Views per hour","Games"
"201","Friday 12th February 2021 15:50","https://sullygnome.com/channel/melina/stream/40556435581","189","585711","3099","4184","961","295","97594","30028","Just Chatting|Just_Chatting|https://static-cdn.jtvnw.net/ttv-boxart/Just%20Chatting-136x190.jpg?imenable=1&impolicy=user-profile-picture&imwidth=100"
"202","Thursday 11th February 2021 12:00","https://sullygnome.com/channel/melina/stream/40539876493","254","943102","3713","5164","1166","274","112167","26392","Just Chatting|Just_Chatting|https://static-cdn.jtvnw.net/ttv-boxart/Just%20Chatting-136x190.jpg?imenable=1&impolicy=user-profile-picture&imwidth=100"
"203","Wednesday 10th February 2021 16:38","https://sullygnome.com/channel/melina/stream/40528413837","81","194481","2401","3492","158","105","40715","27143","Just Chatting|Just_Chatting|https://static-cdn.jtvnw.net/ttv-boxart/Just%20Chatting-136x190.jpg?imenable=1&impolicy=user-profile-picture&imwidth=100"
"204","Wednesday 10th February 2021 13:31","https://sullygnome.com/channel/melina/stream/40526266989","163","597395","3665","5066","934","339","89521","32553","Just Chatting|Just_Chatting|https://static-cdn.jtvnw.net/ttv-boxart/Just%20Chatting-136x190.jpg?imenable=1&impolicy=user-profile-picture&imwidth=100"
"205","Sunday 7th February 2021 21:26","https://sullygnome.com/channel/melina/stream/41621213374","183","588345","3215","4015","222","80","60977","22173","Just Chatting|Just_Chatting|https://static-cdn.jtvnw.net/ttv-boxart/Just%20Chatting-136x190.jpg?imenable=1&impolicy=user-profile-picture&imwidth=100"
"206","Saturday 6th February 2021 18:37","https://sullygnome.com/channel/melina/stream/41605917870","323","763895","2365","2769","675","122","142585","25924","Just Chatting|Just_Chatting|https://static-cdn.jtvnw.net/ttv-boxart/Just%20Chatting-136x190.jpg?imenable=1&impolicy=user-profile-picture&imwidth=100"
"207","Thursday 4th February 2021 20:13","https://sullygnome.com/channel/melina/stream/41581128494","241","1406235","5835","7579","1895","473","149913","37478","Just Chatting|Just_Chatting|https://static-cdn.jtvnw.net/ttv-boxart/Just%20Chatting-136x190.jpg?imenable=1&impolicy=user-profile-picture&imwidth=100"
"208","Thursday 4th February 2021 19:03","https://sullygnome.com/channel/melina/stream/41580464222","56","218736","3906","5252","303","303","53265","53265","Just Chatting|Just_Chatting|https://static-cdn.jtvnw.net/ttv-boxart/Just%20Chatting-136x190.jpg?imenable=1&impolicy=user-profile-picture&imwidth=100"
"209","Wednesday 3rd February 2021 19:58","https://sullygnome.com/channel/melina/stream/41569356622","107","412485","3855","4874","109","54","45738","22869","Just Chatting|Just_Chatting|https://static-cdn.jtvnw.net/ttv-boxart/Just%20Chatting-136x190.jpg?imenable=1&impolicy=user-profile-picture&imwidth=100"
"210","Tuesday 2nd February 2021 23:13","https://sullygnome.com/channel/melina/stream/41559819502","196","1005480","5130","7190","479","147","92722","28529","Just Chatting|Just_Chatting|https://static-cdn.jtvnw.net/ttv-boxart/Just%20Chatting-136x190.jpg?imenable=1&impolicy=user-profile-picture&imwidth=100"
"211","Sunday 31st January 2021 21:13","https://sullygnome.com/channel/melina/stream/41535721886","421","1406561","3341","4050","3764","537","177898","25414","Just Chatting|Just_Chatting|https://static-cdn.jtvnw.net/ttv-boxart/Just%20Chatting-136x190.jpg?imenable=1&impolicy=user-profile-picture&imwidth=100"
"212","Saturday 30th January 2021 22:44","https://sullygnome.com/channel/melina/stream/41522731678","270","882090","3267","3917","1791","398","131685","29263","Just Chatting|Just_Chatting|https://static-cdn.jtvnw.net/ttv-boxart/Just%20Chatting-136x190.jpg?imenable=1&impolicy=user-profile-picture&imwidth=100"
"213","Friday 29th January 2021 22:43","https://sullygnome.com/channel/melina/stream/41508223758","316","1347108","4263","5860","3867","736","156042","29722","Just Chatting|Just_Chatting|https://static-cdn.jtvnw.net/ttv-boxart/Just%20Chatting-136x190.jpg?imenable=1&impolicy=user-profile-picture&imwidth=100"
"214","Thursday 28th January 2021 22:07","https://sullygnome.com/channel/melina/stream/41495106654","292","1044484","3577","4654","2890","578","141916","28383","Just Chatting|Just_Chatting|https://static-cdn.jtvnw.net/ttv-boxart/Just%20Chatting-136x190.jpg?imenable=1&impolicy=user-profile-picture&imwidth=100"
"215","Tuesday 26th January 2021 22:02","https://sullygnome.com/channel/melina/stream/41469400926","207","841869","4067","4545","2307","709","109903","33816","Just Chatting|Just_Chatting|https://static-cdn.jtvnw.net/ttv-boxart/Just%20Chatting-136x190.jpg?imenable=1&impolicy=user-profile-picture&imwidth=100"
"216","Monday 25th January 2021 22:22","https://sullygnome.com/channel/melina/stream/41455678910","322","1251292","3886","5162","9723","1767","148049","26918","Just Chatting|Just_Chatting|https://static-cdn.jtvnw.net/ttv-boxart/Just%20Chatting-136x190.jpg?imenable=1&impolicy=user-profile-picture&imwidth=100"
"217","Sunday 24th January 2021 23:11","https://sullygnome.com/channel/melina/stream/41444219310","393","1175070","2990","4984","2210","327","138626","20537","Just Chatting|Just_Chatting|https://static-cdn.jtvnw.net/ttv-boxart/Just%20Chatting-136x190.jpg?imenable=1&impolicy=user-profile-picture&imwidth=100"
"218","Sunday 24th January 2021 04:20","https://sullygnome.com/channel/melina/stream/41435431278","55","126335","2297","3655","595","595","11464","11464","Just Chatting|Just_Chatting|https://static-cdn.jtvnw.net/ttv-boxart/Just%20Chatting-136x190.jpg?imenable=1&impolicy=user-profile-picture&imwidth=100"
"219","Saturday 23rd January 2021 22:29","https://sullygnome.com/channel/melina/stream/41430656206","165","576345","3493","4060","1943","706","81891","29778","Just Chatting|Just_Chatting|https://static-cdn.jtvnw.net/ttv-boxart/Just%20Chatting-136x190.jpg?imenable=1&impolicy=user-profile-picture&imwidth=100"
"220","Friday 22nd January 2021 21:55","https://sullygnome.com/channel/melina/stream/41415845950","229","962487","4203","4793","1955","521","115024","30673","Just Chatting|Just_Chatting|https://static-cdn.jtvnw.net/ttv-boxart/Just%20Chatting-136x190.jpg?imenable=1&impolicy=user-profile-picture&imwidth=100"
"221","Friday 22nd January 2021 00:14","https://sullygnome.com/channel/melina/stream/41405078094","285","718770","2522","3322","2011","423","90010","18949","Just Chatting|Just_Chatting|https://static-cdn.jtvnw.net/ttv-boxart/Just%20Chatting-136x190.jpg?imenable=1&impolicy=user-profile-picture&imwidth=100"
"222","Wednesday 20th January 2021 20:33","https://sullygnome.com/channel/melina/stream/41390331102","296","1258296","4251","5950","2682","536","167173","33434","Just Chatting|Just_Chatting|https://static-cdn.jtvnw.net/ttv-boxart/Just%20Chatting-136x190.jpg?imenable=1&impolicy=user-profile-picture&imwidth=100"
"223","Tuesday 19th January 2021 00:16","https://sullygnome.com/channel/melina/stream/41368459550","358","1224360","3420","4915","2802","467","110511","18418","Just Chatting|Just_Chatting|https://static-cdn.jtvnw.net/ttv-boxart/Just%20Chatting-136x190.jpg?imenable=1&impolicy=user-profile-picture&imwidth=100"
"224","Sunday 17th January 2021 01:07","https://sullygnome.com/channel/melina/stream/41342791598","217","796390","3670","4443","2396","638","89245","23798","Just Chatting|Just_Chatting|https://static-cdn.jtvnw.net/ttv-boxart/Just%20Chatting-136x190.jpg?imenable=1&impolicy=user-profile-picture&imwidth=100"
"225","Thursday 14th January 2021 21:10","https://sullygnome.com/channel/melina/stream/41312947390","139","540710","3890","4774","1437","574","70849","28339","Just Chatting|Just_Chatting|https://static-cdn.jtvnw.net/ttv-boxart/Just%20Chatting-136x190.jpg?imenable=1&impolicy=user-profile-picture&imwidth=100"
"226","Wednesday 13th January 2021 22:14","https://sullygnome.com/channel/melina/stream/41301579038","285","1295610","4546","7522","3016","634","140908","29664","Just Chatting|Just_Chatting|https://static-cdn.jtvnw.net/ttv-boxart/Just%20Chatting-136x190.jpg?imenable=1&impolicy=user-profile-picture&imwidth=100"
"227","Tuesday 12th January 2021 21:45","https://sullygnome.com/channel/melina/stream/41289170078","284","1220348","4297","5059","3295","693","151784","31954","Just Chatting|Just_Chatting|https://static-cdn.jtvnw.net/ttv-boxart/Just%20Chatting-136x190.jpg?imenable=1&impolicy=user-profile-picture&imwidth=100"
"228","Monday 11th January 2021 07:30","https://sullygnome.com/channel/melina/stream/41274023086","105","458430","4366","8014","1349","674","41661","20830","Just Chatting|Just_Chatting|https://static-cdn.jtvnw.net/ttv-boxart/Just%20Chatting-136x190.jpg?imenable=1&impolicy=user-profile-picture&imwidth=100"
"229","Saturday 9th January 2021 21:02","https://sullygnome.com/channel/melina/stream/41254805822","387","1604502","4146","5186","3780","581","189172","29103","Just Chatting|Just_Chatting|https://static-cdn.jtvnw.net/ttv-boxart/Just%20Chatting-136x190.jpg?imenable=1&impolicy=user-profile-picture&imwidth=100"
"230","Friday 8th January 2021 22:13","https://sullygnome.com/channel/melina/stream/41242629198","301","1355102","4502","5677","3161","632","153284","30656","Just Chatting|Just_Chatting|https://static-cdn.jtvnw.net/ttv-boxart/Just%20Chatting-136x190.jpg?imenable=1&impolicy=user-profile-picture&imwidth=100"
"231","Thursday 7th January 2021 20:33","https://sullygnome.com/channel/melina/stream/41229783358","296","1413104","4774","7069","3440","688","140752","28150","Just Chatting|Just_Chatting|https://static-cdn.jtvnw.net/ttv-boxart/Just%20Chatting-136x190.jpg?imenable=1&impolicy=user-profile-picture&imwidth=100"
"232","Thursday 7th January 2021 01:45","https://sullygnome.com/channel/melina/stream/41221752222","59","198830","3370","3558","9123","9123","22048","22048","Just Chatting|Just_Chatting|https://static-cdn.jtvnw.net/ttv-boxart/Just%20Chatting-136x190.jpg?imenable=1&impolicy=user-profile-picture&imwidth=100"
"233","Wednesday 6th January 2021 20:18","https://sullygnome.com/channel/melina/stream/41218135326","146","416684","2854","4356","647","258","68005","27202","Just Chatting|Just_Chatting|https://static-cdn.jtvnw.net/ttv-boxart/Just%20Chatting-136x190.jpg?imenable=1&impolicy=user-profile-picture&imwidth=100"
"234","Wednesday 6th January 2021 00:23","https://sullygnome.com/channel/melina/stream/41209069838","231","656502","2842","3858","1386","346","68093","17023","Just Chatting|Just_Chatting|https://static-cdn.jtvnw.net/ttv-boxart/Just%20Chatting-136x190.jpg?imenable=1&impolicy=user-profile-picture&imwidth=100"
"235","Tuesday 5th January 2021 03:28","https://sullygnome.com/channel/melina/stream/41199979102","121","340978","2818","3264","457","228","23888","11944","Just Chatting|Just_Chatting|https://static-cdn.jtvnw.net/ttv-boxart/Just%20Chatting-136x190.jpg?imenable=1&impolicy=user-profile-picture&imwidth=100"
"236","Friday 1st January 2021 03:01","https://sullygnome.com/channel/melina/stream/40035408877","119","364259","3061","3431","248","124","27099","13549","Just Chatting|Just_Chatting|https://static-cdn.jtvnw.net/ttv-boxart/Just%20Chatting-136x190.jpg?imenable=1&impolicy=user-profile-picture&imwidth=100"
"237","Wednesday 30th December 2020 21:26","https://sullygnome.com/channel/melina/stream/40023210109","213","510774","2398","2853","609","162","81688","21783","Just Chatting|Just_Chatting|https://static-cdn.jtvnw.net/ttv-boxart/Just%20Chatting-136x190.jpg?imenable=1&impolicy=user-profile-picture&imwidth=100"
"238","Tuesday 29th December 2020 21:59","https://sullygnome.com/channel/melina/stream/40013161357","315","1114470","3538","4320","1207","229","122593","23351","Just Chatting|Just_Chatting|https://static-cdn.jtvnw.net/ttv-boxart/Just%20Chatting-136x190.jpg?imenable=1&impolicy=user-profile-picture&imwidth=100"
"239","Sunday 27th December 2020 18:34","https://sullygnome.com/channel/melina/stream/39991276173","355","1495615","4213","4960","591","98","147095","24515","Just Chatting|Just_Chatting|https://static-cdn.jtvnw.net/ttv-boxart/Just%20Chatting-136x190.jpg?imenable=1&impolicy=user-profile-picture&imwidth=100"
"240","Saturday 26th December 2020 23:04","https://sullygnome.com/channel/melina/stream/41088741006","100","313300","3133","4112","127","72","44549","25456","Just Chatting|Just_Chatting|https://static-cdn.jtvnw.net/ttv-boxart/Just%20Chatting-136x190.jpg?imenable=1&impolicy=user-profile-picture&imwidth=100"
"241","Thursday 24th December 2020 22:01","https://sullygnome.com/channel/melina/stream/41068029918","373","1530792","4104","5174","3170","507","173589","27774","Just Chatting|Just_Chatting|https://static-cdn.jtvnw.net/ttv-boxart/Just%20Chatting-136x190.jpg?imenable=1&impolicy=user-profile-picture&imwidth=100"
"242","Wednesday 23rd December 2020 21:05","https://sullygnome.com/channel/melina/stream/41056821838","369","1507734","4086","5461","2655","424","188404","30144","Just Chatting|Just_Chatting|https://static-cdn.jtvnw.net/ttv-boxart/Just%20Chatting-136x190.jpg?imenable=1&impolicy=user-profile-picture&imwidth=100"
"243","Tuesday 22nd December 2020 22:38","https://sullygnome.com/channel/melina/stream/41046409086","231","1404480","6080","8557","3209","802","143688","35922","Just Chatting|Just_Chatting|https://static-cdn.jtvnw.net/ttv-boxart/Just%20Chatting-136x190.jpg?imenable=1&impolicy=user-profile-picture&imwidth=100"
"244","Monday 21st December 2020 23:48","https://sullygnome.com/channel/melina/stream/41035850574","251","1408361","5611","6698","3321","781","122425","28805","Just Chatting|Just_Chatting|https://static-cdn.jtvnw.net/ttv-boxart/Just%20Chatting-136x190.jpg?imenable=1&impolicy=user-profile-picture&imwidth=100"
"245","Saturday 19th December 2020 22:16","https://sullygnome.com/channel/melina/stream/41012654334","538","2773928","5156","7448","6096","677","245168","27240","Just Chatting|Just_Chatting|https://static-cdn.jtvnw.net/ttv-boxart/Just%20Chatting-136x190.jpg?imenable=1&impolicy=user-profile-picture&imwidth=100"
"246","Saturday 19th December 2020 00:10","https://sullygnome.com/channel/melina/stream/41001809006","199","1154001","5799","7418","3911","1117","105681","30194","Just Chatting|Just_Chatting|https://static-cdn.jtvnw.net/ttv-boxart/Just%20Chatting-136x190.jpg?imenable=1&impolicy=user-profile-picture&imwidth=100"
"247","Friday 18th December 2020 03:14","https://sullygnome.com/channel/melina/stream/40992972270","105","285600","2720","3104","134","76","11392","6509","Just Chatting|Just_Chatting|https://static-cdn.jtvnw.net/ttv-boxart/Just%20Chatting-136x190.jpg?imenable=1&impolicy=user-profile-picture&imwidth=100"
"248","Thursday 17th December 2020 20:21","https://sullygnome.com/channel/melina/stream/40988415790","308","897820","2915","3524","1968","374","135598","25828","Just Chatting|Just_Chatting|https://static-cdn.jtvnw.net/ttv-boxart/Just%20Chatting-136x190.jpg?imenable=1&impolicy=user-profile-picture&imwidth=100"
"249","Wednesday 16th December 2020 20:39","https://sullygnome.com/channel/melina/stream/40977454142","290","1754500","6050","7963","4990","998","166127","33225","Just Chatting|Just_Chatting|https://static-cdn.jtvnw.net/ttv-boxart/Just%20Chatting-136x190.jpg?imenable=1&impolicy=user-profile-picture&imwidth=100"
"250","Tuesday 15th December 2020 22:04","https://sullygnome.com/channel/melina/stream/40967282030","235","968905","4123","5235","2132","533","93427","23356","Just Chatting|Just_Chatting|https://static-cdn.jtvnw.net/ttv-boxart/Just%20Chatting-136x190.jpg?imenable=1&impolicy=user-profile-picture&imwidth=100"
"251","Monday 14th December 2020 22:15","https://sullygnome.com/channel/melina/stream/40956876750","359","1516057","4223","6588","4622","770","144134","24022","Just Chatting|Just_Chatting|https://static-cdn.jtvnw.net/ttv-boxart/Just%20Chatting-136x190.jpg?imenable=1&impolicy=user-profile-picture&imwidth=100"
"252","Saturday 12th December 2020 17:51","https://sullygnome.com/channel/melina/stream/39851875549","413","1082473","2621","3088","1173","173","149972","22218","Just Chatting|Just_Chatting|https://static-cdn.jtvnw.net/ttv-boxart/Just%20Chatting-136x190.jpg?imenable=1&impolicy=user-profile-picture&imwidth=100"
"253","Thursday 10th December 2020 21:30","https://sullygnome.com/channel/melina/stream/40903167438","299","1301547","4353","5264","3134","626","124528","24905","Just Chatting|Just_Chatting|https://static-cdn.jtvnw.net/ttv-boxart/Just%20Chatting-136x190.jpg?imenable=1&impolicy=user-profile-picture&imwidth=100"
"254","Wednesday 9th December 2020 20:33","https://sullygnome.com/channel/melina/stream/40887029710","446","1840196","4126","5864","3823","509","179332","23910","Just Chatting|Just_Chatting|https://static-cdn.jtvnw.net/ttv-boxart/Just%20Chatting-136x190.jpg?imenable=1&impolicy=user-profile-picture&imwidth=100"
"255","Tuesday 8th December 2020 21:23","https://sullygnome.com/channel/melina/stream/40873397806","366","2062776","5636","6981","5844","935","184977","29596","Just Chatting|Just_Chatting|https://static-cdn.jtvnw.net/ttv-boxart/Just%20Chatting-136x190.jpg?imenable=1&impolicy=user-profile-picture&imwidth=100"
"256","Monday 7th December 2020 19:09","https://sullygnome.com/channel/melina/stream/40858485342","605","3619110","5982","9633","7065","689","270778","26417","Just Chatting|Just_Chatting|https://static-cdn.jtvnw.net/ttv-boxart/Just%20Chatting-136x190.jpg?imenable=1&impolicy=user-profile-picture&imwidth=100"
"257","Sunday 6th December 2020 17:58","https://sullygnome.com/channel/melina/stream/40844578750","226","426914","1889","2518","153","40","64054","17081","Just Chatting|Just_Chatting|https://static-cdn.jtvnw.net/ttv-boxart/Just%20Chatting-136x190.jpg?imenable=1&impolicy=user-profile-picture&imwidth=100"
"258","Sunday 6th December 2020 01:14","https://sullygnome.com/channel/melina/stream/40834619838","105","247485","2357","3023","509","290","28704","16402","Just Chatting|Just_Chatting|https://static-cdn.jtvnw.net/ttv-boxart/Just%20Chatting-136x190.jpg?imenable=1&impolicy=user-profile-picture&imwidth=100"
"259","Saturday 5th December 2020 18:39","https://sullygnome.com/channel/melina/stream/40829509902","305","1106540","3628","4635","848","161","103246","19665","Just Chatting|Just_Chatting|https://static-cdn.jtvnw.net/ttv-boxart/Just%20Chatting-136x190.jpg?imenable=1&impolicy=user-profile-picture&imwidth=100"
"260","Friday 4th December 2020 16:58","https://sullygnome.com/channel/melina/stream/39796638637","181","447975","2475","2763","285","95","63116","21038","Just Chatting|Just_Chatting|https://static-cdn.jtvnw.net/ttv-boxart/Just%20Chatting-136x190.jpg?imenable=1&impolicy=user-profile-picture&imwidth=100"
"261","Wednesday 2nd December 2020 20:17","https://sullygnome.com/channel/melina/stream/40786744078","297","1758537","5921","7254","4014","802","153710","30742","Just Chatting|Just_Chatting|https://static-cdn.jtvnw.net/ttv-boxart/Just%20Chatting-136x190.jpg?imenable=1&impolicy=user-profile-picture&imwidth=100"
"262","Tuesday 1st December 2020 21:42","https://sullygnome.com/channel/melina/stream/40773372254","602","2226196","3698","6202","4780","490","176891","18142","Just Chatting|Just_Chatting|https://static-cdn.jtvnw.net/ttv-boxart/Just%20Chatting-136x190.jpg?imenable=1&impolicy=user-profile-picture&imwidth=100|Watch Parties|b0e14b17-651c-4275-87f5-1baa0aec6e38|https://static-cdn.jtvnw.net/ttv-boxart/Watch%20Parties-136x190.jpg?imenable=1&impolicy=user-profile-picture&imwidth=100"
"263","Tuesday 1st December 2020 07:17","https://sullygnome.com/channel/melina/stream/40765664110","87","224286","2578","2945","762","508","28767","19178","Just Chatting|Just_Chatting|https://static-cdn.jtvnw.net/ttv-boxart/Just%20Chatting-136x190.jpg?imenable=1&impolicy=user-profile-picture&imwidth=100"
"264","Tuesday 1st December 2020 04:03","https://sullygnome.com/channel/melina/stream/40763475806","176","341792","1942","2945","591","197","39767","13255","Just Chatting|Just_Chatting|https://static-cdn.jtvnw.net/ttv-boxart/Just%20Chatting-136x190.jpg?imenable=1&impolicy=user-profile-picture&imwidth=100"
"265","Monday 30th November 2020 22:35","https://sullygnome.com/channel/melina/stream/39771732845","114","271662","2383","2874","249","124","30752","15376","Just Chatting|Just_Chatting|https://static-cdn.jtvnw.net/ttv-boxart/Just%20Chatting-136x190.jpg?imenable=1&impolicy=user-profile-picture&imwidth=100"
"266","Sunday 29th November 2020 20:31","https://sullygnome.com/channel/melina/stream/40179259820","448","1905792","4254","8102","2764","368","167750","22366","Just Chatting|Just_Chatting|https://static-cdn.jtvnw.net/ttv-boxart/Just%20Chatting-136x190.jpg?imenable=1&impolicy=user-profile-picture&imwidth=100"
"267","Saturday 28th November 2020 21:26","https://sullygnome.com/channel/melina/stream/40729151102","543","2118243","3901","5865","4205","454","188885","20420","Just Chatting|Just_Chatting|https://static-cdn.jtvnw.net/ttv-boxart/Just%20Chatting-136x190.jpg?imenable=1&impolicy=user-profile-picture&imwidth=100"
"268","Saturday 28th November 2020 01:36","https://sullygnome.com/channel/melina/stream/40717205006","203","454923","2241","2531","1026","293","43404","12401","Just Chatting|Just_Chatting|https://static-cdn.jtvnw.net/ttv-boxart/Just%20Chatting-136x190.jpg?imenable=1&impolicy=user-profile-picture&imwidth=100"
"269","Friday 27th November 2020 20:52","https://sullygnome.com/channel/melina/stream/40713222382","127","614299","4837","6721","1169","519","52959","23537","Just Chatting|Just_Chatting|https://static-cdn.jtvnw.net/ttv-boxart/Just%20Chatting-136x190.jpg?imenable=1&impolicy=user-profile-picture&imwidth=100"
"270","Thursday 26th November 2020 19:34","https://sullygnome.com/channel/melina/stream/40699021838","220","1256200","5710","8261","2404","641","116464","31057","Just Chatting|Just_Chatting|https://static-cdn.jtvnw.net/ttv-boxart/Just%20Chatting-136x190.jpg?imenable=1&impolicy=user-profile-picture&imwidth=100"
"271","Wednesday 25th November 2020 21:41","https://sullygnome.com/channel/melina/stream/40685364158","303","1431069","4723","7366","3041","579","115789","22055","Just Chatting|Just_Chatting|https://static-cdn.jtvnw.net/ttv-boxart/Just%20Chatting-136x190.jpg?imenable=1&impolicy=user-profile-picture&imwidth=100"
"272","Tuesday 24th November 2020 22:21","https://sullygnome.com/channel/melina/stream/40670826526","323","678300","2100","3082","1379","250","77976","14177","Just Chatting|Just_Chatting|https://static-cdn.jtvnw.net/ttv-boxart/Just%20Chatting-136x190.jpg?imenable=1&impolicy=user-profile-picture&imwidth=100"
"273","Monday 23rd November 2020 20:55","https://sullygnome.com/channel/melina/stream/40653384910","274","1426718","5207","9113","2332","490","111171","23404","Just Chatting|Just_Chatting|https://static-cdn.jtvnw.net/ttv-boxart/Just%20Chatting-136x190.jpg?imenable=1&impolicy=user-profile-picture&imwidth=100"
"274","Sunday 22nd November 2020 19:21","https://sullygnome.com/channel/melina/stream/40632350446","233","1056422","4534","5518","1705","426","119004","29751","Just Chatting|Just_Chatting|https://static-cdn.jtvnw.net/ttv-boxart/Just%20Chatting-136x190.jpg?imenable=1&impolicy=user-profile-picture&imwidth=100"
"275","Saturday 21st November 2020 21:34","https://sullygnome.com/channel/melina/stream/40612811118","190","802940","4226","6774","1528","470","78786","24241","Just Chatting|Just_Chatting|https://static-cdn.jtvnw.net/ttv-boxart/Just%20Chatting-136x190.jpg?imenable=1&impolicy=user-profile-picture&imwidth=100"
"276","Friday 20th November 2020 20:20","https://sullygnome.com/channel/melina/stream/40588221950","264","1068672","4048","6243","1689","375","100588","22352","Just Chatting|Just_Chatting|https://static-cdn.jtvnw.net/ttv-boxart/Just%20Chatting-136x190.jpg?imenable=1&impolicy=user-profile-picture&imwidth=100"
"277","Friday 20th November 2020 19:15","https://sullygnome.com/channel/melina/stream/40587328606","15","20100","1340","2557","97","194","0","0","Just Chatting|Just_Chatting|https://static-cdn.jtvnw.net/ttv-boxart/Just%20Chatting-136x190.jpg?imenable=1&impolicy=user-profile-picture&imwidth=100"
"278","Thursday 19th November 2020 21:11","https://sullygnome.com/channel/melina/stream/40571134446","228","536712","2354","4918","766","191","66401","16600","Just Chatting|Just_Chatting|https://static-cdn.jtvnw.net/ttv-boxart/Just%20Chatting-136x190.jpg?imenable=1&impolicy=user-profile-picture&imwidth=100"
"279","Tuesday 17th November 2020 18:25","https://sullygnome.com/channel/melina/stream/40532144030","229","714709","3121","3747","754","188","80939","20234","Just Chatting|Just_Chatting|https://static-cdn.jtvnw.net/ttv-boxart/Just%20Chatting-136x190.jpg?imenable=1&impolicy=user-profile-picture&imwidth=100"
"280","Monday 16th November 2020 20:09","https://sullygnome.com/channel/melina/stream/40516078398","155","851880","5496","7125","1566","569","72927","26518","Just Chatting|Just_Chatting|https://static-cdn.jtvnw.net/ttv-boxart/Just%20Chatting-136x190.jpg?imenable=1&impolicy=user-profile-picture&imwidth=100"
"281","Saturday 14th November 2020 20:32","https://sullygnome.com/channel/melina/stream/40486464750","237","649854","2742","4242","922","230","84487","21121","Just Chatting|Just_Chatting|https://static-cdn.jtvnw.net/ttv-boxart/Just%20Chatting-136x190.jpg?imenable=1&impolicy=user-profile-picture&imwidth=100"
"282","Saturday 14th November 2020 18:30","https://sullygnome.com/channel/melina/stream/40485038574","104","249808","2402","2759","278","158","34234","19562","Just Chatting|Just_Chatting|https://static-cdn.jtvnw.net/ttv-boxart/Just%20Chatting-136x190.jpg?imenable=1&impolicy=user-profile-picture&imwidth=100"
"283","Saturday 14th November 2020 00:39","https://sullygnome.com/channel/melina/stream/40472937310","125","143750","1150","1394","229","101","22876","10167","Just Chatting|Just_Chatting|https://static-cdn.jtvnw.net/ttv-boxart/Just%20Chatting-136x190.jpg?imenable=1&impolicy=user-profile-picture&imwidth=100"
"284","Friday 13th November 2020 18:32","https://sullygnome.com/channel/melina/stream/40468120206","237","1171254","4942","6310","1700","425","105738","26434","Just Chatting|Just_Chatting|https://static-cdn.jtvnw.net/ttv-boxart/Just%20Chatting-136x190.jpg?imenable=1&impolicy=user-profile-picture&imwidth=100"
"285","Thursday 12th November 2020 23:52","https://sullygnome.com/channel/melina/stream/40456285502","142","309134","2177","2445","449","199","34933","15525","Just Chatting|Just_Chatting|https://static-cdn.jtvnw.net/ttv-boxart/Just%20Chatting-136x190.jpg?imenable=1&impolicy=user-profile-picture&imwidth=100"
"286","Tuesday 10th November 2020 19:00","https://sullygnome.com/channel/melina/stream/39942280684","90","284220","3158","5330","762","435","48524","27728","Just Chatting|Just_Chatting|https://static-cdn.jtvnw.net/ttv-boxart/Just%20Chatting-136x190.jpg?imenable=1&impolicy=user-profile-picture&imwidth=100"
"287","Tuesday 10th November 2020 14:30","https://sullygnome.com/channel/melina/stream/39938619116","165","1080915","6551","8294","4190","1396","109548","36516","Just Chatting|Just_Chatting|https://static-cdn.jtvnw.net/ttv-boxart/Just%20Chatting-136x190.jpg?imenable=1&impolicy=user-profile-picture&imwidth=100"
"288","Tuesday 10th November 2020 12:30","https://sullygnome.com/channel/melina/stream/39937544412","30","97860","3262","3726","245","326","13256","17674","Just Chatting|Just_Chatting|https://static-cdn.jtvnw.net/ttv-boxart/Just%20Chatting-136x190.jpg?imenable=1&impolicy=user-profile-picture&imwidth=100"
"289","Monday 9th November 2020 18:44","https://sullygnome.com/channel/melina/stream/39932056572","120","834600","6955","8511","2287","1143","64374","32187","Just Chatting|Just_Chatting|https://static-cdn.jtvnw.net/ttv-boxart/Just%20Chatting-136x190.jpg?imenable=1&impolicy=user-profile-picture&imwidth=100"
"290","Sunday 8th November 2020 21:00","https://sullygnome.com/channel/melina/stream/39924469340","105","585795","5579","6927","2304","1152","52680","26340","Just Chatting|Just_Chatting|https://static-cdn.jtvnw.net/ttv-boxart/Just%20Chatting-136x190.jpg?imenable=1&impolicy=user-profile-picture&imwidth=100"
"291","Sunday 8th November 2020 15:06","https://sullygnome.com/channel/melina/stream/39919355004","233","1001434","4298","8616","2289","572","110815","27703","Just Chatting|Just_Chatting|https://static-cdn.jtvnw.net/ttv-boxart/Just%20Chatting-136x190.jpg?imenable=1&impolicy=user-profile-picture&imwidth=100"
"292","Sunday 8th November 2020 12:56","https://sullygnome.com/channel/melina/stream/39917536236","108","645516","5977","7917","2278","1139","55090","27545","Just Chatting|Just_Chatting|https://static-cdn.jtvnw.net/ttv-boxart/Just%20Chatting-136x190.jpg?imenable=1&impolicy=user-profile-picture&imwidth=100"
"293","Saturday 7th November 2020 16:34","https://sullygnome.com/channel/melina/stream/39907730268","175","1284850","7342","10773","5599","1866","97136","32378","Just Chatting|Just_Chatting|https://static-cdn.jtvnw.net/ttv-boxart/Just%20Chatting-136x190.jpg?imenable=1&impolicy=user-profile-picture&imwidth=100"
"294","Friday 6th November 2020 17:07","https://sullygnome.com/channel/melina/stream/39895401004","52","254592","4896","7014","946","946","14522","14522","Just Chatting|Just_Chatting|https://static-cdn.jtvnw.net/ttv-boxart/Just%20Chatting-136x190.jpg?imenable=1&impolicy=user-profile-picture&imwidth=100"
"295","Friday 6th November 2020 12:22","https://sullygnome.com/channel/melina/stream/39892137372","217","767963","3539","4731","1853","463","88083","22020","Just Chatting|Just_Chatting|https://static-cdn.jtvnw.net/ttv-boxart/Just%20Chatting-136x190.jpg?imenable=1&impolicy=user-profile-picture&imwidth=100"
"296","Thursday 5th November 2020 19:44","https://sullygnome.com/channel/melina/stream/39887721116","180","532080","2956","3181","1133","377","46780","15593","Just Chatting|Just_Chatting|https://static-cdn.jtvnw.net/ttv-boxart/Just%20Chatting-136x190.jpg?imenable=1&impolicy=user-profile-picture&imwidth=100"
"297","Thursday 5th November 2020 12:56","https://sullygnome.com/channel/melina/stream/39882757692","333","2512152","7544","9621","7354","1278","176005","30609","Just Chatting|Just_Chatting|https://static-cdn.jtvnw.net/ttv-boxart/Just%20Chatting-136x190.jpg?imenable=1&impolicy=user-profile-picture&imwidth=100"
"298","Wednesday 4th November 2020 17:30","https://sullygnome.com/channel/melina/stream/39876061564","45","295245","6561","9374","575","575","49370","49370","Just Chatting|Just_Chatting|https://static-cdn.jtvnw.net/ttv-boxart/Just%20Chatting-136x190.jpg?imenable=1&impolicy=user-profile-picture&imwidth=100"
"299","Wednesday 4th November 2020 13:25","https://sullygnome.com/channel/melina/stream/39873616764","214","2096130","9795","13286","5032","1341","153852","41027","Just Chatting|Just_Chatting|https://static-cdn.jtvnw.net/ttv-boxart/Just%20Chatting-136x190.jpg?imenable=1&impolicy=user-profile-picture&imwidth=100"
"300","Tuesday 3rd November 2020 20:35","https://sullygnome.com/channel/melina/stream/39869757468","144","386352","2683","4190","974","389","37653","15061","Just Chatting|Just_Chatting|https://static-cdn.jtvnw.net/ttv-boxart/Just%20Chatting-136x190.jpg?imenable=1&impolicy=user-profile-picture&imwidth=100"